<?xml version="1.0"?>
<Results version="1.0">
<ReportNode type="testrun">
<ReportNode type="Iteration">
<ReportNode type="Context">
<ReportNode type="Step">
<Data>
    <Name>StartUp Browser.Navigate</Name>
    <Description>Navigate to https://qmetrytestdocs.atlassian.net</Description>
    <StartTime>2016-05-12 11:03:11</StartTime>
    <Result>Done</Result>
    <Extension>
      <TestObject>
        <Path>
          <Object>
            <Type>Browser</Type>
            <Name><![CDATA[StartUp Browser]]></Name>
          </Object>
        </Path>
        <Operation>Navigate</Operation>
        <OperationData><![CDATA[Navigate to https://qmetrytestdocs.atlassian.net]]></OperationData>
      </TestObject>
      <IconKey>7cad9ced7fd84e0c8b4c7ccbaa3376c0</IconKey>
      <IsPlainTextNodeName>True</IsPlainTextNodeName>
    </Extension>
  </Data>
</ReportNode>
<ReportNode type="Step">
<Data>
    <Name>StartUp Browser.Sync</Name>
    <Description />
    <StartTime>2016-05-12 11:03:14</StartTime>
    <Result>Done</Result>
    <Extension>
      <TestObject>
        <Path>
          <Object>
            <Type>Browser</Type>
            <Name><![CDATA[StartUp Browser]]></Name>
          </Object>
        </Path>
        <Operation>Sync</Operation>
      </TestObject>
      <IconKey>7cad9ced7fd84e0c8b4c7ccbaa3376c0</IconKey>
      <IsPlainTextNodeName>True</IsPlainTextNodeName>
    </Extension>
  </Data>
</ReportNode>
<Data>
    <Name>StartUp Browser</Name>
    <Description>Browser</Description>
    <StartTime>2016-05-12 11:03:10</StartTime>
    <Duration>4</Duration>
    <Result>Done</Result>
    <Extension>
      <TestObject>
        <Path>
          <Object>
            <Type>Browser</Type>
            <Name><![CDATA[StartUp Browser]]></Name>
          </Object>
        </Path>
        <OperationData><![CDATA[Browser]]></OperationData>
      </TestObject>
      <IconKey>7cad9ced7fd84e0c8b4c7ccbaa3376c0</IconKey>
      <IsPlainTextNodeName>True</IsPlainTextNodeName>
    </Extension>
  </Data>
</ReportNode>
<ReportNode type="Action">
<ReportNode type="Context">
<ReportNode type="Step">
<Data>
    <Name>"QMetry Test Manager for"- Smart Identification</Name>
    <Description>&lt;P&gt;&lt;span class="text"&gt;The smart identification mechanism was invoked.&lt;/span&gt;&lt;/P&gt;&lt;P&gt;&lt;SPAN class=text&gt;Reason: object not unique (12 objects found)&lt;/SPAN&gt;&lt;/P&gt;           &lt;SPAN class=text&gt;&lt;b&gt;Original description:&lt;/b&gt;&lt;/SPAN&gt;&lt;br&gt;micclass=Browser&lt;br&gt;&lt;P&gt;&lt;FONT face=Verdana size=2&gt;&lt;SPAN class=text&gt;&lt;B&gt;Smart Identification Alternative Description: &lt;/B&gt;&lt;/SPAN&gt;&lt;/FONT&gt;&lt;/P&gt;&lt;FONT face=Verdana size=2&gt;&lt;u&gt;Base filter properties (12 objects found)&amp;nbsp;&lt;/FONT&gt;&lt;/u&gt;&lt;br&gt;
micclass=Browser&lt;br&gt;&lt;br&gt;&lt;FONT face=Verdana size=2&gt;&lt;u&gt;Optional filter properties&lt;/FONT&gt;&lt;/u&gt;&lt;br&gt;
name=QMetry Test Manager for JIRA - QMetry Test Manager for JIRA - QTM for JIRA&lt;SPAN class=passed&gt; (Used&lt;/SPAN&gt;, 1 matches)&lt;/SPAN&gt;&lt;br&gt;title=QMetry Test Manager for JIRA - QMetry Test Manager for JIRA - QTM for JIRA&lt;SPAN class=warning&gt; (Ignored)&lt;FONT color=#000000&gt;&lt;/FONT&gt;&lt;/SPAN&gt;&lt;br&gt;openurl=https://qmetrytestdocs.atlassian.net/wiki&lt;SPAN class=warning&gt; (Ignored)&lt;FONT color=#000000&gt;&lt;/FONT&gt;&lt;/SPAN&gt;&lt;br&gt;opentitle=QMetry Test Manager for JIRA - QMetry Test Manager for JIRA - QTM for JIRA&lt;SPAN class=warning&gt; (Ignored)&lt;FONT color=#000000&gt;&lt;/FONT&gt;&lt;/SPAN&gt;&lt;br&gt;openedbytestingtool=-1&lt;SPAN class=warning&gt; (Ignored)&lt;FONT color=#000000&gt;&lt;/FONT&gt;&lt;/SPAN&gt;&lt;br&gt;number of tabs=18&lt;SPAN class=warning&gt; (Ignored)&lt;FONT color=#000000&gt;&lt;/FONT&gt;&lt;/SPAN&gt;&lt;br&gt;</Description>
    <StartTime>2016-05-12 11:03:35</StartTime>
    <Result>Done</Result>
    <Extension>
      <TestObject>
        <Repository>Local</Repository>
        <Path>
          <Object>
            <Type>Browser</Type>
            <Name><![CDATA[QMetry Test Manager for]]></Name>
          </Object>
        </Path>
        <OperationData><![CDATA[<P><span class="text">The smart identification mechanism was invoked.</span></P><P><SPAN class=text>Reason: object not unique (12 objects found)</SPAN></P>           <SPAN class=text><b>Original description:</b></SPAN><br>micclass=Browser<br><P><FONT face=Verdana size=2><SPAN class=text><B>Smart Identification Alternative Description: </B></SPAN></FONT></P><FONT face=Verdana size=2><u>Base filter properties (12 objects found)&nbsp;</FONT></u><br>
micclass=Browser<br><br><FONT face=Verdana size=2><u>Optional filter properties</FONT></u><br>
name=QMetry Test Manager for JIRA - QMetry Test Manager for JIRA - QTM for JIRA<SPAN class=passed> (Used</SPAN>, 1 matches)</SPAN><br>title=QMetry Test Manager for JIRA - QMetry Test Manager for JIRA - QTM for JIRA<SPAN class=warning> (Ignored)<FONT color=#000000></FONT></SPAN><br>openurl=https://qmetrytestdocs.atlassian.net/wiki<SPAN class=warning> (Ignored)<FONT color=#000000></FONT></SPAN><br>opentitle=QMetry Test Manager for JIRA - QMetry Test Manager for JIRA - QTM for JIRA<SPAN class=warning> (Ignored)<FONT color=#000000></FONT></SPAN><br>openedbytestingtool=-1<SPAN class=warning> (Ignored)<FONT color=#000000></FONT></SPAN><br>number of tabs=18<SPAN class=warning> (Ignored)<FONT color=#000000></FONT></SPAN><br>]]></OperationData>
      </TestObject>
      <IconKey>f060b5e28eac4526bf287e3345a2a37a</IconKey>
      <IsPlainTextNodeName>True</IsPlainTextNodeName>
    </Extension>
  </Data>
</ReportNode>
<ReportNode type="Context">
<ReportNode type="Step">
<Data>
    <Name>Quick Start.Click</Name>
    <Description />
    <StartTime>2016-05-12 11:03:35</StartTime>
    <Result>Done</Result>
    <Extension>
      <TestObject>
        <Repository>Local</Repository>
        <Path>
          <Object>
            <Type>Browser</Type>
            <Name><![CDATA[QMetry Test Manager for]]></Name>
          </Object>
          <Object>
            <Type>Page</Type>
            <Name><![CDATA[QMetry Test Manager for]]></Name>
          </Object>
          <Object>
            <Type>Link</Type>
            <Name><![CDATA[Quick Start]]></Name>
          </Object>
        </Path>
        <Operation>Click</Operation>
        <Properties>
          <Property>
            <Name><![CDATA[text]]></Name>
            <Value><![CDATA[Quick Start]]></Value>
          </Property>
          <Property>
            <Name><![CDATA[role]]></Name>
            <Value><![CDATA[]]></Value>
          </Property>
          <Property>
            <Name><![CDATA[html tag]]></Name>
            <Value><![CDATA[A]]></Value>
          </Property>
        </Properties>
      </TestObject>
      <IconKey>07f3ba8af5274367bf1bafbc0c46b38c</IconKey>
      <IsPlainTextNodeName>True</IsPlainTextNodeName>
    </Extension>
  </Data>
</ReportNode>
<Data>
    <Name>QMetry Test Manager for</Name>
    <Description>Page</Description>
    <StartTime>2016-05-12 11:03:35</StartTime>
    <Duration>3</Duration>
    <Result>Done</Result>
    <Extension>
      <TestObject>
        <Repository>Local</Repository>
        <Path>
          <Object>
            <Type>Browser</Type>
            <Name><![CDATA[QMetry Test Manager for]]></Name>
          </Object>
          <Object>
            <Type>Page</Type>
            <Name><![CDATA[QMetry Test Manager for]]></Name>
          </Object>
        </Path>
        <OperationData><![CDATA[Page]]></OperationData>
      </TestObject>
      <IconKey>56765a3c199a4529be8caa6666189686</IconKey>
      <IsPlainTextNodeName>True</IsPlainTextNodeName>
    </Extension>
  </Data>
</ReportNode>
<ReportNode type="Context">
<ReportNode type="Step">
<Data>
    <Name>Link.Click</Name>
    <Description />
    <StartTime>2016-05-12 11:03:38</StartTime>
    <Result>Done</Result>
    <Extension>
      <TestObject>
        <Repository>Local</Repository>
        <Path>
          <Object>
            <Type>Browser</Type>
            <Name><![CDATA[QMetry Test Manager for]]></Name>
          </Object>
          <Object>
            <Type>Page</Type>
            <Name><![CDATA[Quick Start - QMetry Test]]></Name>
          </Object>
          <Object>
            <Type>Link</Type>
            <Name><![CDATA[Link]]></Name>
          </Object>
        </Path>
        <Operation>Click</Operation>
        <Properties>
          <Property>
            <Name><![CDATA[text]]></Name>
            <Value><![CDATA[]]></Value>
          </Property>
          <Property>
            <Name><![CDATA[role]]></Name>
            <Value><![CDATA[]]></Value>
          </Property>
          <Property>
            <Name><![CDATA[html tag]]></Name>
            <Value><![CDATA[A]]></Value>
          </Property>
        </Properties>
      </TestObject>
      <IconKey>07f3ba8af5274367bf1bafbc0c46b38c</IconKey>
      <IsPlainTextNodeName>True</IsPlainTextNodeName>
    </Extension>
  </Data>
</ReportNode>
<ReportNode type="Step">
<Data>
    <Name>Create Test Scenarios.Click</Name>
    <Description />
    <StartTime>2016-05-12 11:03:39</StartTime>
    <Result>Done</Result>
    <Extension>
      <TestObject>
        <Repository>Local</Repository>
        <Path>
          <Object>
            <Type>Browser</Type>
            <Name><![CDATA[QMetry Test Manager for]]></Name>
          </Object>
          <Object>
            <Type>Page</Type>
            <Name><![CDATA[Quick Start - QMetry Test]]></Name>
          </Object>
          <Object>
            <Type>Link</Type>
            <Name><![CDATA[Create Test Scenarios]]></Name>
          </Object>
        </Path>
        <Operation>Click</Operation>
        <Properties>
          <Property>
            <Name><![CDATA[text]]></Name>
            <Value><![CDATA[Create Test Scenarios]]></Value>
          </Property>
          <Property>
            <Name><![CDATA[html tag]]></Name>
            <Value><![CDATA[A]]></Value>
          </Property>
        </Properties>
      </TestObject>
      <IconKey>07f3ba8af5274367bf1bafbc0c46b38c</IconKey>
      <IsPlainTextNodeName>True</IsPlainTextNodeName>
    </Extension>
  </Data>
</ReportNode>
<Data>
    <Name>Quick Start - QMetry Test</Name>
    <Description>Page</Description>
    <StartTime>2016-05-12 11:03:38</StartTime>
    <Duration>5</Duration>
    <Result>Done</Result>
    <Extension>
      <TestObject>
        <Repository>Local</Repository>
        <Path>
          <Object>
            <Type>Browser</Type>
            <Name><![CDATA[QMetry Test Manager for]]></Name>
          </Object>
          <Object>
            <Type>Page</Type>
            <Name><![CDATA[Quick Start - QMetry Test]]></Name>
          </Object>
        </Path>
        <OperationData><![CDATA[Page]]></OperationData>
      </TestObject>
      <IconKey>56765a3c199a4529be8caa6666189686</IconKey>
      <IsPlainTextNodeName>True</IsPlainTextNodeName>
    </Extension>
  </Data>
</ReportNode>
<ReportNode type="Context">
<ReportNode type="Step">
<Data>
    <Name>Removing Action Step Linkage.Click</Name>
    <Description />
    <StartTime>2016-05-12 11:03:43</StartTime>
    <Result>Done</Result>
    <Extension>
      <TestObject>
        <Repository>Local</Repository>
        <Path>
          <Object>
            <Type>Browser</Type>
            <Name><![CDATA[QMetry Test Manager for]]></Name>
          </Object>
          <Object>
            <Type>Page</Type>
            <Name><![CDATA[Create Test Scenarios]]></Name>
          </Object>
          <Object>
            <Type>Link</Type>
            <Name><![CDATA[Removing Action Step Linkage]]></Name>
          </Object>
        </Path>
        <Operation>Click</Operation>
        <Properties>
          <Property>
            <Name><![CDATA[text]]></Name>
            <Value><![CDATA[Removing Action Step Linkage]]></Value>
          </Property>
          <Property>
            <Name><![CDATA[html tag]]></Name>
            <Value><![CDATA[A]]></Value>
          </Property>
        </Properties>
      </TestObject>
      <IconKey>07f3ba8af5274367bf1bafbc0c46b38c</IconKey>
      <IsPlainTextNodeName>True</IsPlainTextNodeName>
    </Extension>
  </Data>
</ReportNode>
<Data>
    <Name>Create Test Scenarios</Name>
    <Description>Page</Description>
    <StartTime>2016-05-12 11:03:43</StartTime>
    <Duration>1</Duration>
    <Result>Done</Result>
    <Extension>
      <TestObject>
        <Repository>Local</Repository>
        <Path>
          <Object>
            <Type>Browser</Type>
            <Name><![CDATA[QMetry Test Manager for]]></Name>
          </Object>
          <Object>
            <Type>Page</Type>
            <Name><![CDATA[Create Test Scenarios]]></Name>
          </Object>
        </Path>
        <OperationData><![CDATA[Page]]></OperationData>
      </TestObject>
      <IconKey>56765a3c199a4529be8caa6666189686</IconKey>
      <IsPlainTextNodeName>True</IsPlainTextNodeName>
    </Extension>
  </Data>
</ReportNode>
<ReportNode type="Context">
<ReportNode type="Step">
<Data>
    <Name>Remove%20Linkage%20action%20st.Click</Name>
    <Description />
    <StartTime>2016-05-12 11:03:44</StartTime>
    <Result>Done</Result>
    <Extension>
      <TestObject>
        <Repository>Local</Repository>
        <Path>
          <Object>
            <Type>Browser</Type>
            <Name><![CDATA[QMetry Test Manager for]]></Name>
          </Object>
          <Object>
            <Type>Page</Type>
            <Name><![CDATA[Create Test Scenarios_2]]></Name>
          </Object>
          <Object>
            <Type>Image</Type>
            <Name><![CDATA[Remove%20Linkage%20action%20st]]></Name>
          </Object>
        </Path>
        <Operation>Click</Operation>
        <Properties>
          <Property>
            <Name><![CDATA[image type]]></Name>
            <Value><![CDATA[Plain Image]]></Value>
          </Property>
          <Property>
            <Name><![CDATA[html tag]]></Name>
            <Value><![CDATA[IMG]]></Value>
          </Property>
          <Property>
            <Name><![CDATA[alt]]></Name>
            <Value><![CDATA[]]></Value>
          </Property>
        </Properties>
      </TestObject>
      <IconKey>2764db18a9074baab763f3b6224cf706</IconKey>
      <IsPlainTextNodeName>True</IsPlainTextNodeName>
    </Extension>
  </Data>
</ReportNode>
<Data>
    <Name>Create Test Scenarios_2</Name>
    <Description>Page</Description>
    <StartTime>2016-05-12 11:03:44</StartTime>
    <Duration>3</Duration>
    <Result>Done</Result>
    <Extension>
      <TestObject>
        <Repository>Local</Repository>
        <Path>
          <Object>
            <Type>Browser</Type>
            <Name><![CDATA[QMetry Test Manager for]]></Name>
          </Object>
          <Object>
            <Type>Page</Type>
            <Name><![CDATA[Create Test Scenarios_2]]></Name>
          </Object>
        </Path>
        <OperationData><![CDATA[Page]]></OperationData>
      </TestObject>
      <IconKey>56765a3c199a4529be8caa6666189686</IconKey>
      <IsPlainTextNodeName>True</IsPlainTextNodeName>
    </Extension>
  </Data>
</ReportNode>
<ReportNode type="Context">
<ReportNode type="Step">
<Data>
    <Name>Go to the next file.Click</Name>
    <Description />
    <StartTime>2016-05-12 11:03:47</StartTime>
    <Result>Done</Result>
    <Extension>
      <TestObject>
        <Repository>Local</Repository>
        <Path>
          <Object>
            <Type>Browser</Type>
            <Name><![CDATA[QMetry Test Manager for]]></Name>
          </Object>
          <Object>
            <Type>Page</Type>
            <Name><![CDATA[Create Test Scenarios]]></Name>
          </Object>
          <Object>
            <Type>WebButton</Type>
            <Name><![CDATA[Go to the next file]]></Name>
          </Object>
        </Path>
        <Operation>Click</Operation>
        <Properties>
          <Property>
            <Name><![CDATA[type]]></Name>
            <Value><![CDATA[submit]]></Value>
          </Property>
          <Property>
            <Name><![CDATA[name]]></Name>
            <Value><![CDATA[Go to the next file]]></Value>
          </Property>
          <Property>
            <Name><![CDATA[html tag]]></Name>
            <Value><![CDATA[BUTTON]]></Value>
          </Property>
        </Properties>
      </TestObject>
      <IconKey>a6121c8dee504912ad816d659b70b2c0</IconKey>
      <IsPlainTextNodeName>True</IsPlainTextNodeName>
    </Extension>
  </Data>
</ReportNode>
<Data>
    <Name>Create Test Scenarios</Name>
    <Description>Page</Description>
    <StartTime>2016-05-12 11:03:47</StartTime>
    <Duration>1</Duration>
    <Result>Done</Result>
    <Extension>
      <TestObject>
        <Repository>Local</Repository>
        <Path>
          <Object>
            <Type>Browser</Type>
            <Name><![CDATA[QMetry Test Manager for]]></Name>
          </Object>
          <Object>
            <Type>Page</Type>
            <Name><![CDATA[Create Test Scenarios]]></Name>
          </Object>
        </Path>
        <OperationData><![CDATA[Page]]></OperationData>
      </TestObject>
      <IconKey>56765a3c199a4529be8caa6666189686</IconKey>
      <IsPlainTextNodeName>True</IsPlainTextNodeName>
    </Extension>
  </Data>
</ReportNode>
<Data>
    <Name>QMetry Test Manager for</Name>
    <Description>Browser</Description>
    <StartTime>2016-05-12 11:03:35</StartTime>
    <Duration>13</Duration>
    <Result>Done</Result>
    <Extension>
      <TestObject>
        <Repository>Local</Repository>
        <Path>
          <Object>
            <Type>Browser</Type>
            <Name><![CDATA[QMetry Test Manager for]]></Name>
          </Object>
        </Path>
        <OperationData><![CDATA[Browser]]></OperationData>
      </TestObject>
      <IconKey>7cad9ced7fd84e0c8b4c7ccbaa3376c0</IconKey>
      <IsPlainTextNodeName>True</IsPlainTextNodeName>
    </Extension>
  </Data>
</ReportNode>
<Data>
    <Name>Action1</Name>
    <Description />
    <StartTime>2016-05-12 11:03:14</StartTime>
    <Duration>34</Duration>
    <Result>Done</Result>
    <Extension>
      <IconKey>b7505bfcf4ab400bad2284d70b6bb065</IconKey>
      <IsPlainTextNodeName>True</IsPlainTextNodeName>
    </Extension>
  </Data>
</ReportNode>
<Data>
    <Name>Action0</Name>
    <Description />
    <StartTime>2016-05-12 11:03:10</StartTime>
    <Duration>38</Duration>
    <Result>Done</Result>
    <Extension>
      <IconKey>47f3893e3d7340f28dc9a3eb3edebd76</IconKey>
      <IsPlainTextNodeName>True</IsPlainTextNodeName>
    </Extension>
    <Index>1</Index>
    <TestedApplications>
      <TestedApplication>
        <RuntimeEngineInfo />
        <Name>Google Chrome</Name>
        <Path>C:\Program Files (x86)\Google\Chrome\Application\chrome.exe</Path>
        <Version>50.0</Version>
        <Technology>web</Technology>
        <Reserved />
        <AdditionalInfos>
          <Info>https://qmetrytestdocs.atlassian.net</Info>
        </AdditionalInfos>
      </TestedApplication>
    </TestedApplications>
  </Data>
</ReportNode>
<Data>
    <Name>GUITest1</Name>
    <ToolName>HP Unified Functional Testing</ToolName>
    <ToolVersion>12.52</ToolVersion>
    <Description />
    <StartTime>2016-05-12 11:02:06</StartTime>
    <Duration>102</Duration>
    <Result>Done</Result>
    <Extension>
      <IconKey>f9835791af03477681ed89ce7975f90c</IconKey>
      <IsPlainTextNodeName>True</IsPlainTextNodeName>
    </Extension>
    <Environment>
      <Timezone>+05:30:00</Timezone>
      <Locale>English (United States)</Locale>
      <User>INFOSTRETCH\siddhartha.jadeja</User>
      <CpuInfo>Intel(R) Core(TM) i5-5300U CPU @ 2.30GHz</CpuInfo>
      <NumberOfCores>4</NumberOfCores>
      <TotalMemory>16272</TotalMemory>
      <HostName>infostretch.com\ICPL1434</HostName>
      <OSInfo>Windows 8.1</OSInfo>
    </Environment>
    <TestedApplications />
    <Links>
      <Link type="DataTable" reference="Default.xls" displayname="Default Data Table" />
    </Links>
  </Data>
</ReportNode>
<GeneralInfo>
    <ResultName>TempResults</ResultName>
    <RunStartTime>2016-05-12 11:02:06</RunStartTime>
    <Timezone>+05:30:00</Timezone>
    <OrchestrationToolName>HP Unified Functional Testing</OrchestrationToolName>
    <OrchestrationToolVersion>12.52</OrchestrationToolVersion>
  </GeneralInfo>
</Results>