<?xml version="1.0"?>
<Results version="1.0">
<ReportNode type="testrun">
<ReportNode type="Iteration">
<ReportNode type="Context">
<ReportNode type="Step">
<Data>
    <Name>StartUp Browser.Navigate</Name>
    <Description>Navigate to http://newtours.demoaut.com</Description>
    <StartTime>2017-01-20 17:01:58</StartTime>
    <Result>Done</Result>
    <Extension>
      <TestObject>
        <Path>
          <Object>
            <Type>Browser</Type>
            <Name><![CDATA[StartUp Browser]]></Name>
          </Object>
        </Path>
        <Operation>Navigate</Operation>
        <OperationData><![CDATA[Navigate to http://newtours.demoaut.com]]></OperationData>
      </TestObject>
      <IconKey>b232376c113e47a3b486ef013c8d1041</IconKey>
      <IsPlainTextNodeName>True</IsPlainTextNodeName>
    </Extension>
  </Data>
</ReportNode>
<ReportNode type="Step">
<Data>
    <Name>StartUp Browser</Name>
    <Description>To run this step, the Internet Explorer add-on: 'HP Functional Testing Agent' must be enabled.&lt;br/&gt;&lt;br/&gt;Object's physical description:&lt;br&gt;Mercury Class = Browser&lt;br&gt;</Description>
    <StartTime>2017-01-20 17:01:58</StartTime>
    <Result>Done</Result>
    <Extension>
      <TestObject>
        <Path>
          <Object>
            <Type>Browser</Type>
            <Name><![CDATA[StartUp Browser]]></Name>
          </Object>
        </Path>
        <OperationData><![CDATA[To run this step, the Internet Explorer add-on: 'HP Functional Testing Agent' must be enabled.]]></OperationData>
      </TestObject>
      <IconKey>b232376c113e47a3b486ef013c8d1041</IconKey>
      <IsPlainTextNodeName>True</IsPlainTextNodeName>
      <NodeType>Run Error</NodeType>
    </Extension>
  </Data>
</ReportNode>
<Data>
    <Name>StartUp Browser</Name>
    <Description>&lt;table&gt;&lt;tr&gt;&lt;td&gt;&lt;span style="text-align : left; font-size : 12px; "&gt;Local Browser&lt;/span&gt;&lt;/td&gt;&lt;/tr&gt;&lt;/table&gt;</Description>
    <StartTime>2017-01-20 17:01:58</StartTime>
    <Duration>1</Duration>
    <Result>Done</Result>
    <Extension>
      <TestObject>
        <Path>
          <Object>
            <Type>Browser</Type>
            <Name><![CDATA[StartUp Browser]]></Name>
          </Object>
        </Path>
        <OperationData><![CDATA[<table><tr><td><span style="text-align : left; font-size : 12px; ">Local Browser</span></td></tr></table>]]></OperationData>
      </TestObject>
      <IconKey>b232376c113e47a3b486ef013c8d1041</IconKey>
      <IsPlainTextNodeName>True</IsPlainTextNodeName>
    </Extension>
  </Data>
</ReportNode>
<ReportNode type="Action">
<ReportNode type="Step">
<ReportNode type="Step">
<Data>
    <Name>Stop Run</Name>
    <Description>Run stopped by user.</Description>
    <StartTime>2017-01-20 17:02:14</StartTime>
    <Result>Information</Result>
    <Extension>
      <IconKey>36bb79ba94b3413eacf3d99d1922cb93</IconKey>
      <IsPlainTextNodeName>True</IsPlainTextNodeName>
    </Extension>
  </Data>
</ReportNode>
<Data>
    <Name>userName</Name>
    <Description>Cannot&amp;nbsp;find&amp;nbsp;the&amp;nbsp;"userName"&amp;nbsp;object's&amp;nbsp;parent&amp;nbsp;"MercutyFlightWeb"&amp;nbsp;(class&amp;nbsp;Browser).&lt;br/&gt;Verify&amp;nbsp;that&amp;nbsp;parent&amp;nbsp;properties&amp;nbsp;match&amp;nbsp;an&amp;nbsp;object&amp;nbsp;currently&amp;nbsp;displayed&amp;nbsp;in&amp;nbsp;your&amp;nbsp;application.&lt;br/&gt;&lt;br/&gt;Object's physical description:&lt;br&gt;Mercury Class = Browser&lt;br&gt;CreationTime = 0&lt;br&gt;|Title = Welcome: Mercury Tours - Internet Explorer&lt;br&gt;openurl = http://newtours.demoaut.com&lt;br&gt;opentitle = Welcome: Mercury Tours&lt;br&gt;Opened By Testing Tool = -1&lt;br&gt;number of tabs = 2&lt;br&gt;Name = Welcome: Mercury Tours&lt;br&gt;</Description>
    <StartTime>2017-01-20 17:02:14</StartTime>
    <Duration>0</Duration>
    <Result>Done</Result>
    <Extension>
      <TestObject>
        <Repository>Local</Repository>
        <Path>
          <Object>
            <Type>Browser</Type>
            <Name><![CDATA[MercutyFlightWeb]]></Name>
          </Object>
          <Object>
            <Type>Page</Type>
            <Name><![CDATA[LoginPage]]></Name>
          </Object>
          <Object>
            <Type>WebEdit</Type>
            <Name><![CDATA[userName]]></Name>
          </Object>
        </Path>
        <OperationData><![CDATA[Cannot&nbsp;find&nbsp;the&nbsp;"userName"&nbsp;object's&nbsp;parent&nbsp;"MercutyFlightWeb"&nbsp;(class&nbsp;Browser).<br/>Verify&nbsp;that&nbsp;parent&nbsp;properties&nbsp;match&nbsp;an&nbsp;object&nbsp;currently&nbsp;displayed&nbsp;in&nbsp;your&nbsp;application.]]></OperationData>
        <Properties>
          <Property>
            <Name><![CDATA[type]]></Name>
            <Value><![CDATA[text]]></Value>
          </Property>
          <Property>
            <Name><![CDATA[name]]></Name>
            <Value><![CDATA[userName]]></Value>
          </Property>
          <Property>
            <Name><![CDATA[html tag]]></Name>
            <Value><![CDATA[INPUT]]></Value>
          </Property>
        </Properties>
      </TestObject>
      <IconKey>acc170a868cd47fa8b74fe3b705f664d</IconKey>
      <IsPlainTextNodeName>True</IsPlainTextNodeName>
      <NodeType>Run Error</NodeType>
    </Extension>
  </Data>
</ReportNode>
<Data>
    <Name>Login</Name>
    <Description />
    <StartTime>2017-01-20 17:01:59</StartTime>
    <Duration>15</Duration>
    <Result>Done</Result>
    <InputParameters />
    <Extension>
      <IconKey>04486478200b4079b631ebcb3edce3d7</IconKey>
      <IsPlainTextNodeName>True</IsPlainTextNodeName>
    </Extension>
  </Data>
</ReportNode>
<Data>
    <Name>Action0</Name>
    <Description />
    <StartTime>2017-01-20 17:01:58</StartTime>
    <Duration>16</Duration>
    <Result>Done</Result>
    <Extension>
      <IconKey>e3d94d7ec15b45af90336680193e2c89</IconKey>
      <IsPlainTextNodeName>True</IsPlainTextNodeName>
    </Extension>
    <Index>1</Index>
    <TestedApplications>
      <TestedApplication>
        <RuntimeEngineInfo />
        <Name>Microsoft Internet Explorer</Name>
        <Path>C:\Program Files\Internet Explorer\IEXPLORE.EXE</Path>
        <Version>11</Version>
        <Technology>web</Technology>
        <Reserved />
        <AdditionalInfos>
          <Info>http://newtours.demoaut.com</Info>
        </AdditionalInfos>
      </TestedApplication>
    </TestedApplications>
  </Data>
</ReportNode>
<ReportNode type="Step">
<Data>
    <Name>Stop Run</Name>
    <Description>Run stopped by user.</Description>
    <StartTime>2017-01-20 17:02:14</StartTime>
    <Result>Information</Result>
    <Extension>
      <IconKey>6ff6052f1d7842a08208de21f76f1091</IconKey>
      <IsPlainTextNodeName>True</IsPlainTextNodeName>
    </Extension>
  </Data>
</ReportNode>
<Data>
    <Name>MercuryFlightWeb</Name>
    <ToolName>HP Unified Functional Testing</ToolName>
    <ToolVersion>12.54</ToolVersion>
    <Description />
    <StartTime>2017-01-20 17:01:57</StartTime>
    <Duration>17</Duration>
    <Result>Done</Result>
    <InputParameters />
    <Extension>
      <IconKey>217f2fc42ea64df3bc4cf58007ad4bcb</IconKey>
      <IsPlainTextNodeName>True</IsPlainTextNodeName>
    </Extension>
    <Environment>
      <Timezone>+05:30:00</Timezone>
      <Locale>English (India)</Locale>
      <User>INFOSTRETCH\kevin.shah</User>
      <CpuInfo>Intel(R) Core(TM) i3-2100 CPU @ 3.10GHz</CpuInfo>
      <NumberOfCores>4</NumberOfCores>
      <TotalMemory>8100</TotalMemory>
      <HostName>infostretch.com\ICPL10172</HostName>
      <OSInfo>Windows 8.1</OSInfo>
    </Environment>
    <TestedApplications />
    <Links>
      <Link type="DataTable" reference="Default.xls" displayname="Default Data Table" />
    </Links>
  </Data>
</ReportNode>
<GeneralInfo>
    <ResultName>Res1</ResultName>
    <RunStartTime>2017-01-20 17:01:57</RunStartTime>
    <Timezone>+05:30:00</Timezone>
    <OrchestrationToolName>HP Unified Functional Testing</OrchestrationToolName>
    <OrchestrationToolVersion>12.54</OrchestrationToolVersion>
  </GeneralInfo>
</Results>